{"flutter":{"platforms":{"android":{"default":{"projectId":"moodmusic-92b26","appId":"1:230221352674:android:0418717040b62066a358bb","fileOutput":"android/app/google-services.json"}},"dart":{"lib/firebase_options.dart":{"projectId":"moodmusic-92b26","configurations":{"android":"1:230221352674:android:0418717040b62066a358bb","ios":"1:230221352674:ios:ac3e9dbbd14b1011a358bb","macos":"1:230221352674:ios:ac3e9dbbd14b1011a358bb","web":"1:230221352674:web:40ff072bfffe9ccfa358bb","windows":"1:230221352674:web:9aac86d485453978a358bb"}}}}}}