{
  "project_info": {
    "project_number": "230221352674",
    "project_id": "moodmusic-92b26",
    "storage_bucket": "moodmusic-92b26.firebasestorage.app"
  },
  "client": [
    {
      "client_info": {
        "mobilesdk_app_id": "1:230221352674:android:0418717040b62066a358bb",
        "android_client_info": {
          "package_name": "com.example.music1"
        }
      },
      "oauth_client": [],
      "api_key": [
        {
          "current_key": "AIzaSyCEqWehsx7dnG7qRTrMycR3PQFGVThqLUY"
        }
      ],
      "services": {
        "appinvite_service": {
          "other_platform_oauth_client": []
        }
      }
    }
  ],
  "configuration_version": "1"
}